,accuracy,macro_f1,weighted_f1,macro_auc
xgboost,0.377,0.33586867307097207,0.38037127240506363,0.5026763062705343
lightgbm,0.3535,0.32422156847013145,0.36201226122380686,0.4983168749734042
ensemble,0.4475,0.30018148513398774,0.38246575302722324,0.49437880086793795
